Product_ID,Product_Category,Product_Sub-Category
15633,Office Supplies,Paper
15634,Office Supplies,Envelopes
15635,Office Supplies,Envelopes
15636,Office Supplies,Envelopes
15637,Office Supplies,Envelopes
15638,Office Supplies,Envelopes
15639,Office Supplies,Envelopes
15640,Office Supplies,Pens & Art Supplies
15641,Office Supplies,"Scissors, Rulers and Trimmers"
15642,Office Supplies,Labels
15643,Office Supplies,"Scissors, Rulers and Trimmers"
15644,Office Supplies,Appliances
15645,Office Supplies,Paper
15646,Office Supplies,Pens & Art Supplies
15647,Furniture,Office Furnishings
15648,Office Supplies,Paper
15649,Technology,Telephones and Communication
15650,Technology,Office Machines
15651,Technology,Telephones and Communication
15652,Technology,Telephones and Communication
15653,Technology,Telephones and Communication
15654,Technology,Telephones and Communication
15655,Office Supplies,Storage & Organization
15656,Technology,Telephones and Communication
15657,Office Supplies,Storage & Organization
15658,Technology,Telephones and Communication
15659,Technology,Telephones and Communication
15660,Technology,Telephones and Communication
15661,Technology,Computer Peripherals
15662,Office Supplies,Appliances
15663,Technology,Telephones and Communication
15664,Technology,Telephones and Communication
15665,Technology,Telephones and Communication
15666,Technology,Telephones and Communication
15667,Furniture,Office Furnishings
15668,Furniture,Office Furnishings
15669,Office Supplies,Appliances
15670,Office Supplies,Binders and Binder Accessories
15671,Furniture,Office Furnishings
15672,Furniture,Office Furnishings
15673,Office Supplies,Pens & Art Supplies
15674,Technology,Telephones and Communication
15675,Technology,Telephones and Communication
15676,Technology,Telephones and Communication
15677,Technology,Telephones and Communication
15678,Technology,Telephones and Communication
15679,Technology,Telephones and Communication
15680,Technology,Telephones and Communication
15681,Furniture,Office Furnishings
15682,Technology,Telephones and Communication
15683,Technology,Telephones and Communication
15684,Technology,Telephones and Communication
15685,Technology,Telephones and Communication
15686,Technology,Telephones and Communication
15687,Technology,Telephones and Communication
15688,Technology,Telephones and Communication
15689,Technology,Telephones and Communication
15690,Technology,Telephones and Communication
15691,Technology,Telephones and Communication
15692,Technology,Telephones and Communication
15693,Technology,Telephones and Communication
15694,Technology,Telephones and Communication
15695,Technology,Telephones and Communication
15696,Technology,Computer Peripherals
15697,Technology,Computer Peripherals
15698,Technology,Telephones and Communication
15699,Technology,Telephones and Communication
15700,Technology,Telephones and Communication
15701,Technology,Telephones and Communication
15702,Furniture,Office Furnishings
15703,Technology,Telephones and Communication
15704,Office Supplies,Binders and Binder Accessories
15705,Office Supplies,Binders and Binder Accessories
15706,Office Supplies,Appliances
15707,Technology,Office Machines
15708,Technology,Office Machines
15709,Technology,Office Machines
15710,Technology,Telephones and Communication
15711,Technology,Telephones and Communication
15712,Technology,Telephones and Communication
15713,Technology,Telephones and Communication
15714,Technology,Telephones and Communication
15715,Technology,Telephones and Communication
15716,Technology,Telephones and Communication
15717,Technology,Telephones and Communication
15718,Technology,Telephones and Communication
15719,Technology,Telephones and Communication
15720,Technology,Telephones and Communication
15721,Technology,Telephones and Communication
15722,Technology,Telephones and Communication
15723,Technology,Telephones and Communication
15724,Technology,Telephones and Communication
15725,Technology,Telephones and Communication
15726,Technology,Telephones and Communication
15727,Technology,Telephones and Communication
15728,Technology,Telephones and Communication
15729,Technology,Telephones and Communication
15730,Technology,Telephones and Communication
15731,Technology,Telephones and Communication
15732,Technology,Telephones and Communication
15733,Technology,Telephones and Communication
15734,Technology,Telephones and Communication
15735,Technology,Telephones and Communication
15736,Office Supplies,Binders and Binder Accessories
15737,Office Supplies,Appliances
15738,Office Supplies,Rubber Bands
15739,Office Supplies,Binders and Binder Accessories
15740,Office Supplies,Binders and Binder Accessories
15741,Technology,Computer Peripherals
15742,Office Supplies,Binders and Binder Accessories
15743,Office Supplies,Binders and Binder Accessories
15744,Office Supplies,Storage & Organization
15745,Office Supplies,Storage & Organization
15746,Office Supplies,Binders and Binder Accessories
15747,Office Supplies,Binders and Binder Accessories
15748,Office Supplies,Binders and Binder Accessories
15749,Office Supplies,Binders and Binder Accessories
15750,Office Supplies,Appliances
15751,Office Supplies,Appliances
15752,Office Supplies,Appliances
15753,Office Supplies,Binders and Binder Accessories
15754,Office Supplies,Binders and Binder Accessories
15755,Office Supplies,Rubber Bands
15756,Office Supplies,"Scissors, Rulers and Trimmers"
15757,Office Supplies,"Scissors, Rulers and Trimmers"
15758,Office Supplies,"Scissors, Rulers and Trimmers"
15759,Office Supplies,"Scissors, Rulers and Trimmers"
15760,Office Supplies,"Scissors, Rulers and Trimmers"
15761,Office Supplies,"Scissors, Rulers and Trimmers"
15762,Office Supplies,"Scissors, Rulers and Trimmers"
15763,Office Supplies,"Scissors, Rulers and Trimmers"
15764,Office Supplies,"Scissors, Rulers and Trimmers"
15765,Office Supplies,"Scissors, Rulers and Trimmers"
15766,Office Supplies,"Scissors, Rulers and Trimmers"
15767,Office Supplies,Paper
15768,Office Supplies,Paper
15769,Office Supplies,Paper
15770,Office Supplies,Paper
15771,Office Supplies,Paper
15772,Office Supplies,Paper
15773,Office Supplies,Paper
15774,Office Supplies,Paper
15775,Technology,Computer Peripherals
15776,Office Supplies,Storage & Organization
15777,Furniture,Office Furnishings
15778,Office Supplies,Rubber Bands
15779,Furniture,Office Furnishings
15780,Furniture,Office Furnishings
15781,Office Supplies,Rubber Bands
15782,Office Supplies,Rubber Bands
15783,Office Supplies,Rubber Bands
15784,Office Supplies,Storage & Organization
15785,Office Supplies,Rubber Bands
15786,Office Supplies,Envelopes
15787,Office Supplies,Rubber Bands
15788,Furniture,Office Furnishings
15789,Office Supplies,Envelopes
15790,Office Supplies,Envelopes
15791,Office Supplies,Paper
15792,Furniture,Tables
15793,Office Supplies,Binders and Binder Accessories
15794,Office Supplies,Paper
15795,Office Supplies,Paper
15796,Furniture,Office Furnishings
15797,Office Supplies,Rubber Bands
15798,Office Supplies,Paper
15799,Furniture,Bookcases
15800,Furniture,Bookcases
15801,Furniture,Bookcases
15802,Office Supplies,Appliances
15803,Office Supplies,Appliances
15804,Office Supplies,Labels
15805,Office Supplies,Labels
15806,Office Supplies,Labels
15807,Office Supplies,Labels
15808,Office Supplies,Labels
15809,Office Supplies,Labels
15810,Office Supplies,Labels
15811,Office Supplies,Labels
15812,Office Supplies,Labels
15813,Office Supplies,Labels
15814,Office Supplies,Labels
15815,Office Supplies,Labels
15816,Office Supplies,Labels
15817,Office Supplies,Labels
15818,Office Supplies,Labels
15819,Office Supplies,Labels
15820,Office Supplies,Labels
15821,Office Supplies,Labels
15822,Office Supplies,Labels
15823,Office Supplies,Labels
15824,Office Supplies,Labels
15825,Office Supplies,Labels
15826,Office Supplies,Labels
15827,Office Supplies,Labels
15828,Office Supplies,Labels
15829,Office Supplies,Labels
15830,Office Supplies,Labels
15831,Office Supplies,Labels
15832,Office Supplies,Labels
15833,Office Supplies,Labels
15834,Office Supplies,Labels
15835,Office Supplies,Labels
15836,Office Supplies,Binders and Binder Accessories
15837,Office Supplies,Binders and Binder Accessories
15838,Office Supplies,Binders and Binder Accessories
15839,Office Supplies,Binders and Binder Accessories
15840,Office Supplies,Binders and Binder Accessories
15841,Office Supplies,Labels
15842,Office Supplies,Binders and Binder Accessories
15843,Office Supplies,Binders and Binder Accessories
15844,Office Supplies,Binders and Binder Accessories
15845,Office Supplies,Pens & Art Supplies
15846,Office Supplies,Pens & Art Supplies
15847,Office Supplies,Pens & Art Supplies
15848,Office Supplies,Pens & Art Supplies
15849,Office Supplies,Pens & Art Supplies
15850,Office Supplies,Pens & Art Supplies
15851,Office Supplies,Binders and Binder Accessories
15852,Office Supplies,Binders and Binder Accessories
15853,Office Supplies,Binders and Binder Accessories
15854,Office Supplies,Binders and Binder Accessories
15855,Office Supplies,Binders and Binder Accessories
15856,Office Supplies,Binders and Binder Accessories
15857,Office Supplies,Binders and Binder Accessories
15858,Office Supplies,Binders and Binder Accessories
15859,Office Supplies,Binders and Binder Accessories
15860,Office Supplies,Binders and Binder Accessories
15861,Office Supplies,Binders and Binder Accessories
15862,Office Supplies,Labels
15863,Office Supplies,Binders and Binder Accessories
15864,Office Supplies,Binders and Binder Accessories
15865,Office Supplies,Binders and Binder Accessories
15866,Office Supplies,Paper
15867,Technology,Computer Peripherals
15868,Office Supplies,Pens & Art Supplies
15869,Furniture,Tables
15870,Office Supplies,Rubber Bands
15871,Furniture,Tables
15872,Furniture,Tables
15873,Office Supplies,Pens & Art Supplies
15874,Furniture,Tables
15875,Furniture,Tables
15876,Technology,Computer Peripherals
15877,Technology,Computer Peripherals
15878,Office Supplies,Appliances
15879,Office Supplies,Appliances
15880,Office Supplies,Appliances
15881,Office Supplies,Appliances
15882,Office Supplies,Appliances
15883,Office Supplies,Appliances
15884,Office Supplies,Appliances
15885,Technology,Computer Peripherals
15886,Office Supplies,Appliances
15887,Office Supplies,Appliances
15888,Technology,Computer Peripherals
15889,Office Supplies,Storage & Organization
15890,Office Supplies,Appliances
15891,Technology,Telephones and Communication
15892,Office Supplies,Pens & Art Supplies
15893,Furniture,Tables
15894,Furniture,Tables
15895,Furniture,Tables
15896,Furniture,Tables
15897,Furniture,Tables
15898,Furniture,Tables
15899,Furniture,Tables
15900,Furniture,Chairs & Chairmats
15901,Office Supplies,Rubber Bands
15902,Office Supplies,Binders and Binder Accessories
15903,Office Supplies,Binders and Binder Accessories
15904,Office Supplies,Pens & Art Supplies
15905,Office Supplies,Pens & Art Supplies
15906,Office Supplies,Pens & Art Supplies
15907,Office Supplies,Appliances
15908,Office Supplies,Appliances
15909,Office Supplies,Paper
15910,Office Supplies,Paper
15911,Office Supplies,Pens & Art Supplies
15912,Office Supplies,Envelopes
15913,Office Supplies,Pens & Art Supplies
15914,Office Supplies,Pens & Art Supplies
15915,Office Supplies,Pens & Art Supplies
15916,Office Supplies,Pens & Art Supplies
15917,Office Supplies,Pens & Art Supplies
15918,Office Supplies,Pens & Art Supplies
15919,Office Supplies,Pens & Art Supplies
15920,Office Supplies,Pens & Art Supplies
15921,Office Supplies,Pens & Art Supplies
15922,Office Supplies,Pens & Art Supplies
15923,Office Supplies,Pens & Art Supplies
15924,Furniture,Tables
15925,Office Supplies,Appliances
15926,Furniture,Tables
15927,Furniture,Tables
15928,Furniture,Tables
15929,Furniture,Tables
15930,Office Supplies,Rubber Bands
15931,Technology,Copiers and Fax
15932,Office Supplies,Envelopes
15933,Furniture,Tables
15934,Furniture,Tables
15935,Furniture,Bookcases
15936,Furniture,Bookcases
15937,Furniture,Bookcases
15938,Furniture,Bookcases
15939,Furniture,Bookcases
15940,Furniture,Tables
15941,Furniture,Office Furnishings
15942,Office Supplies,Binders and Binder Accessories
15943,Technology,Telephones and Communication
15944,Technology,Telephones and Communication
15945,Technology,Office Machines
15946,Technology,Office Machines
15947,Technology,Copiers and Fax
15948,Technology,Copiers and Fax
15949,Technology,Office Machines
15950,Technology,Office Machines
15951,Technology,Office Machines
15952,Technology,Office Machines
15953,Technology,Copiers and Fax
15954,Technology,Copiers and Fax
15955,Technology,Copiers and Fax
15956,Technology,Copiers and Fax
15957,Technology,Office Machines
15958,Technology,Copiers and Fax
15959,Office Supplies,Binders and Binder Accessories
15960,Office Supplies,Binders and Binder Accessories
15961,Office Supplies,Binders and Binder Accessories
15962,Furniture,Office Furnishings
15963,Office Supplies,Storage & Organization
15964,Office Supplies,Storage & Organization
15965,Office Supplies,Storage & Organization
15966,Office Supplies,Binders and Binder Accessories
15967,Furniture,Tables
15968,Furniture,Tables
15969,Furniture,Tables
15970,Furniture,Tables
15971,Furniture,Tables
15972,Office Supplies,Pens & Art Supplies
15973,Office Supplies,Envelopes
15974,Office Supplies,Rubber Bands
15975,Furniture,Office Furnishings
15976,Office Supplies,Pens & Art Supplies
15977,Office Supplies,Storage & Organization
15978,Office Supplies,Binders and Binder Accessories
15979,Office Supplies,Paper
15980,Furniture,Office Furnishings
15981,Office Supplies,Appliances
15982,Furniture,Office Furnishings
15983,Office Supplies,Storage & Organization
15984,Office Supplies,Pens & Art Supplies
15985,Office Supplies,Pens & Art Supplies
15986,Furniture,Office Furnishings
15987,Furniture,Office Furnishings
15988,Furniture,Office Furnishings
15989,Furniture,Office Furnishings
15990,Furniture,Office Furnishings
15991,Furniture,Office Furnishings
15992,Furniture,Office Furnishings
15993,Furniture,Office Furnishings
15994,Furniture,Office Furnishings
15995,Furniture,Office Furnishings
15996,Furniture,Office Furnishings
15997,Furniture,Office Furnishings
15998,Furniture,Office Furnishings
15999,Office Supplies,Pens & Art Supplies
16000,Office Supplies,Pens & Art Supplies
16001,Furniture,Chairs & Chairmats
16002,Furniture,Bookcases
16003,Technology,Telephones and Communication
16004,Technology,Computer Peripherals
16005,Technology,Computer Peripherals
16006,Office Supplies,Binders and Binder Accessories
16007,Furniture,Office Furnishings
16008,Furniture,Office Furnishings
16009,Furniture,Office Furnishings
16010,Office Supplies,Storage & Organization
16011,Office Supplies,Storage & Organization
16012,Furniture,Office Furnishings
16013,Furniture,Office Furnishings
16014,Furniture,Office Furnishings
16015,Furniture,Office Furnishings
16016,Furniture,Office Furnishings
16017,Furniture,Office Furnishings
16018,Furniture,Office Furnishings
16019,Office Supplies,Storage & Organization
16020,Office Supplies,Storage & Organization
16021,Office Supplies,Pens & Art Supplies
16022,Office Supplies,Pens & Art Supplies
16023,Office Supplies,Pens & Art Supplies
16024,Office Supplies,Pens & Art Supplies
16025,Office Supplies,Pens & Art Supplies
16026,Furniture,Office Furnishings
16027,Office Supplies,Labels
16028,Office Supplies,Storage & Organization
16029,Office Supplies,Binders and Binder Accessories
16030,Technology,Telephones and Communication
16031,Office Supplies,Paper
16032,Office Supplies,Paper
16033,Office Supplies,Binders and Binder Accessories
16034,Office Supplies,Storage & Organization
16035,Furniture,Office Furnishings
16036,Furniture,Office Furnishings
16037,Furniture,Office Furnishings
16038,Office Supplies,Storage & Organization
16039,Furniture,Office Furnishings
16040,Furniture,Office Furnishings
16041,Furniture,Office Furnishings
16042,Furniture,Office Furnishings
16043,Furniture,Office Furnishings
16044,Furniture,Office Furnishings
16045,Furniture,Office Furnishings
16046,Furniture,Office Furnishings
16047,Furniture,Office Furnishings
16048,Furniture,Office Furnishings
16049,Furniture,Office Furnishings
16050,Furniture,Office Furnishings
16051,Furniture,Office Furnishings
16052,Office Supplies,Storage & Organization
16053,Furniture,Office Furnishings
16054,Office Supplies,Storage & Organization
16055,Furniture,Office Furnishings
16056,Furniture,Office Furnishings
16057,Office Supplies,Storage & Organization
16058,Office Supplies,Storage & Organization
16059,Office Supplies,Pens & Art Supplies
16060,Furniture,Office Furnishings
16061,Furniture,Office Furnishings
16062,Furniture,Office Furnishings
16063,Furniture,Office Furnishings
16064,Furniture,Office Furnishings
16065,Furniture,Office Furnishings
16066,Furniture,Office Furnishings
16067,Furniture,Office Furnishings
16068,Furniture,Office Furnishings
16069,Office Supplies,Storage & Organization
16070,Furniture,Office Furnishings
16071,Furniture,Office Furnishings
16072,Furniture,Office Furnishings
16073,Furniture,Office Furnishings
16074,Furniture,Office Furnishings
16075,Furniture,Office Furnishings
16076,Furniture,Office Furnishings
16077,Office Supplies,"Scissors, Rulers and Trimmers"
16078,Technology,Office Machines
16079,Technology,Office Machines
16080,Technology,Office Machines
16081,Technology,Office Machines
16082,Technology,Office Machines
16083,Technology,Office Machines
16084,Technology,Office Machines
16085,Technology,Office Machines
16086,Office Supplies,Appliances
16087,Office Supplies,Appliances
16088,Office Supplies,Paper
16089,Office Supplies,Appliances
16090,Office Supplies,Appliances
16091,Office Supplies,Appliances
16092,Office Supplies,Appliances
16093,Furniture,Office Furnishings
16094,Furniture,Office Furnishings
16095,Furniture,Office Furnishings
16096,Furniture,Office Furnishings
16097,Furniture,Office Furnishings
16098,Furniture,Office Furnishings
16099,Furniture,Office Furnishings
16100,Furniture,Office Furnishings
16101,Furniture,Office Furnishings
16102,Technology,Computer Peripherals
16103,Office Supplies,Appliances
16104,Office Supplies,Appliances
16105,Office Supplies,Storage & Organization
16106,Office Supplies,Storage & Organization
16107,Office Supplies,Storage & Organization
16108,Technology,Computer Peripherals
16109,Office Supplies,Binders and Binder Accessories
16110,Office Supplies,Binders and Binder Accessories
16111,Office Supplies,Appliances
16112,Technology,Computer Peripherals
16113,Office Supplies,Storage & Organization
16114,Technology,Computer Peripherals
16115,Office Supplies,Appliances
16116,Office Supplies,Storage & Organization
16117,Technology,Computer Peripherals
16118,Office Supplies,Storage & Organization
16119,Office Supplies,Storage & Organization
16120,Office Supplies,Binders and Binder Accessories
16121,Office Supplies,Binders and Binder Accessories
16122,Office Supplies,Storage & Organization
16123,Office Supplies,Appliances
16124,Office Supplies,Storage & Organization
16125,Technology,Computer Peripherals
16126,Office Supplies,Appliances
16127,Office Supplies,Storage & Organization
16128,Office Supplies,Storage & Organization
16129,Office Supplies,Storage & Organization
16130,Office Supplies,Storage & Organization
16131,Office Supplies,Storage & Organization
16132,Office Supplies,Appliances
16133,Office Supplies,Binders and Binder Accessories
16134,Office Supplies,Storage & Organization
16135,Office Supplies,Storage & Organization
16136,Office Supplies,"Scissors, Rulers and Trimmers"
16137,Office Supplies,"Scissors, Rulers and Trimmers"
16138,Furniture,Office Furnishings
16139,Office Supplies,Binders and Binder Accessories
16140,Office Supplies,Pens & Art Supplies
16141,Technology,Computer Peripherals
16142,Technology,Computer Peripherals
16143,Furniture,Office Furnishings
16144,Furniture,Office Furnishings
16145,Office Supplies,Binders and Binder Accessories
16146,Office Supplies,Binders and Binder Accessories
16147,Office Supplies,Binders and Binder Accessories
16148,Office Supplies,Binders and Binder Accessories
16149,Office Supplies,Binders and Binder Accessories
16150,Office Supplies,Binders and Binder Accessories
16151,Office Supplies,Binders and Binder Accessories
16152,Office Supplies,Binders and Binder Accessories
16153,Office Supplies,Binders and Binder Accessories
16154,Office Supplies,Binders and Binder Accessories
16155,Office Supplies,Binders and Binder Accessories
16156,Office Supplies,Binders and Binder Accessories
16157,Office Supplies,Binders and Binder Accessories
16158,Office Supplies,Binders and Binder Accessories
16159,Office Supplies,Binders and Binder Accessories
16160,Office Supplies,Binders and Binder Accessories
16161,Office Supplies,Binders and Binder Accessories
16162,Office Supplies,Binders and Binder Accessories
16163,Office Supplies,Binders and Binder Accessories
16164,Office Supplies,Binders and Binder Accessories
16165,Office Supplies,Binders and Binder Accessories
16166,Office Supplies,Binders and Binder Accessories
16167,Office Supplies,Binders and Binder Accessories
16168,Office Supplies,Binders and Binder Accessories
16169,Office Supplies,Binders and Binder Accessories
16170,Office Supplies,Binders and Binder Accessories
16171,Office Supplies,Binders and Binder Accessories
16172,Office Supplies,Binders and Binder Accessories
16173,Office Supplies,Binders and Binder Accessories
16174,Office Supplies,Binders and Binder Accessories
16175,Office Supplies,Binders and Binder Accessories
16176,Furniture,Office Furnishings
16177,Furniture,Office Furnishings
16178,Office Supplies,Paper
16179,Furniture,Tables
16180,Furniture,Chairs & Chairmats
16181,Furniture,Chairs & Chairmats
16182,Furniture,Chairs & Chairmats
16183,Furniture,Chairs & Chairmats
16184,Furniture,Chairs & Chairmats
16185,Furniture,Chairs & Chairmats
16186,Furniture,Chairs & Chairmats
16187,Furniture,Chairs & Chairmats
16188,Furniture,Chairs & Chairmats
16189,Furniture,Chairs & Chairmats
16190,Furniture,Chairs & Chairmats
16191,Furniture,Chairs & Chairmats
16192,Furniture,Chairs & Chairmats
16193,Furniture,Chairs & Chairmats
16194,Furniture,Chairs & Chairmats
16195,Furniture,Chairs & Chairmats
16196,Furniture,Chairs & Chairmats
16197,Furniture,Chairs & Chairmats
16198,Office Supplies,Storage & Organization
16199,Office Supplies,Envelopes
16200,Technology,Computer Peripherals
16201,Technology,Computer Peripherals
16202,Technology,Computer Peripherals
16203,Office Supplies,Paper
16204,Office Supplies,Paper
16205,Office Supplies,Paper
16206,Office Supplies,Paper
16207,Furniture,Office Furnishings
16208,Office Supplies,Storage & Organization
16209,Office Supplies,Appliances
16210,Technology,Computer Peripherals
16211,Office Supplies,Binders and Binder Accessories
16212,Technology,Copiers and Fax
16213,Technology,Office Machines
16214,Technology,Copiers and Fax
16215,Technology,Office Machines
16216,Technology,Computer Peripherals
16217,Technology,Office Machines
16218,Technology,Office Machines
16219,Technology,Office Machines
16220,Technology,Office Machines
16221,Technology,Office Machines
16222,Technology,Office Machines
16223,Technology,Office Machines
16224,Office Supplies,"Scissors, Rulers and Trimmers"
16225,Office Supplies,Appliances
16226,Office Supplies,Appliances
16227,Office Supplies,Appliances
16228,Office Supplies,Appliances
16229,Office Supplies,Appliances
16230,Office Supplies,Appliances
16231,Office Supplies,Appliances
16232,Office Supplies,Appliances
16233,Office Supplies,Storage & Organization
16234,Furniture,Chairs & Chairmats
16235,Furniture,Tables
16236,Furniture,Bookcases
16237,Furniture,Tables
16238,Furniture,Chairs & Chairmats
16239,Furniture,Chairs & Chairmats
16240,Furniture,Chairs & Chairmats
16241,Furniture,Tables
16242,Furniture,Tables
16243,Furniture,Tables
16244,Furniture,Chairs & Chairmats
16245,Furniture,Chairs & Chairmats
16246,Furniture,Chairs & Chairmats
16247,Furniture,Chairs & Chairmats
16248,Furniture,Chairs & Chairmats
16249,Furniture,Bookcases
16250,Furniture,Bookcases
16251,Furniture,Chairs & Chairmats
16252,Furniture,Tables
16253,Furniture,Chairs & Chairmats
16254,Furniture,Chairs & Chairmats
16255,Furniture,Tables
16256,Furniture,Chairs & Chairmats
16257,Furniture,Tables
16258,Office Supplies,Appliances
16259,Office Supplies,Appliances
16260,Office Supplies,Appliances
16261,Office Supplies,Appliances
16262,Office Supplies,Appliances
16263,Office Supplies,Appliances
16264,Office Supplies,Appliances
16265,Office Supplies,Appliances
16266,Office Supplies,Appliances
16267,Office Supplies,Appliances
16268,Office Supplies,Appliances
16269,Office Supplies,Appliances
16270,Office Supplies,Storage & Organization
16271,Furniture,Office Furnishings
16272,Furniture,Office Furnishings
16273,Furniture,Office Furnishings
16274,Furniture,Office Furnishings
16275,Furniture,Office Furnishings
16276,Furniture,Office Furnishings
16277,Office Supplies,Pens & Art Supplies
16278,Office Supplies,Pens & Art Supplies
16279,Technology,Telephones and Communication
16280,Technology,Computer Peripherals
16281,Technology,Computer Peripherals
16282,Technology,Computer Peripherals
16283,Office Supplies,Paper
16284,Technology,Computer Peripherals
16285,Office Supplies,Binders and Binder Accessories
16286,Office Supplies,Binders and Binder Accessories
16287,Office Supplies,Binders and Binder Accessories
16288,Office Supplies,Binders and Binder Accessories
16289,Office Supplies,Binders and Binder Accessories
16290,Office Supplies,Binders and Binder Accessories
16291,Office Supplies,Binders and Binder Accessories
16292,Office Supplies,Binders and Binder Accessories
16293,Office Supplies,Storage & Organization
16294,Furniture,Tables
16295,Technology,Computer Peripherals
16296,Technology,Computer Peripherals
16297,Technology,Computer Peripherals
16298,Technology,Computer Peripherals
16299,Technology,Computer Peripherals
16300,Technology,Computer Peripherals
16301,Technology,Computer Peripherals
16302,Technology,Computer Peripherals
16303,Technology,Computer Peripherals
16304,Technology,Computer Peripherals
16305,Technology,Computer Peripherals
16306,Technology,Computer Peripherals
16307,Technology,Computer Peripherals
16308,Technology,Computer Peripherals
16309,Technology,Computer Peripherals
16310,Technology,Computer Peripherals
16311,Technology,Computer Peripherals
16312,Technology,Computer Peripherals
16313,Office Supplies,Paper
16314,Office Supplies,Storage & Organization
16315,Office Supplies,Storage & Organization
16316,Office Supplies,Paper
16317,Office Supplies,Binders and Binder Accessories
16318,Office Supplies,Envelopes
16319,Technology,Telephones and Communication
16320,Technology,Telephones and Communication
16321,Furniture,Tables
16322,Office Supplies,Appliances
16323,Office Supplies,Appliances
16324,Office Supplies,Appliances
16325,Office Supplies,Appliances
16326,Office Supplies,Appliances
16327,Office Supplies,Appliances
16328,Office Supplies,Appliances
16329,Technology,Computer Peripherals
16330,Technology,Computer Peripherals
16331,Technology,Computer Peripherals
16332,Office Supplies,"Scissors, Rulers and Trimmers"
16333,Technology,Telephones and Communication
16334,Technology,Telephones and Communication
16335,Furniture,Tables
16336,Office Supplies,Binders and Binder Accessories
16337,Office Supplies,Envelopes
16338,Furniture,Tables
16339,Furniture,Tables
16340,Office Supplies,Storage & Organization
16341,Office Supplies,"Scissors, Rulers and Trimmers"
16342,Office Supplies,Envelopes
16343,Office Supplies,Storage & Organization
16344,Technology,Office Machines
16345,Technology,Office Machines
16346,Technology,Office Machines
16347,Technology,Office Machines
16348,Furniture,Chairs & Chairmats
16349,Furniture,Office Furnishings
16350,Office Supplies,Binders and Binder Accessories
16351,Technology,Computer Peripherals
16352,Technology,Computer Peripherals
16353,Technology,Computer Peripherals
16354,Technology,Computer Peripherals
16355,Technology,Computer Peripherals
16356,Technology,Computer Peripherals
16357,Office Supplies,Pens & Art Supplies
16358,Furniture,Office Furnishings
16359,Furniture,Office Furnishings
16360,Furniture,Office Furnishings
16361,Furniture,Office Furnishings
16362,Technology,Telephones and Communication
16363,Technology,Telephones and Communication
16364,Furniture,Office Furnishings
16365,Office Supplies,Envelopes
16366,Office Supplies,"Scissors, Rulers and Trimmers"
16367,Office Supplies,"Scissors, Rulers and Trimmers"
16368,Furniture,Office Furnishings
16369,Furniture,Office Furnishings
16370,Furniture,Office Furnishings
16371,Furniture,Office Furnishings
16372,Furniture,Office Furnishings
16373,Technology,Computer Peripherals
16374,Technology,Computer Peripherals
16375,Technology,Computer Peripherals
16376,Technology,Computer Peripherals
16377,Office Supplies,Binders and Binder Accessories
16378,Office Supplies,Paper
16379,Technology,Computer Peripherals
16380,Technology,Computer Peripherals
16381,Technology,Computer Peripherals
16382,Technology,Computer Peripherals
16383,Technology,Computer Peripherals
16384,Technology,Computer Peripherals
16385,Technology,Computer Peripherals
16386,Office Supplies,Paper
16387,Furniture,Chairs & Chairmats
16388,Technology,Computer Peripherals
16389,Technology,Computer Peripherals
16390,Technology,Computer Peripherals
16391,Technology,Computer Peripherals
16392,Technology,Telephones and Communication
16393,Technology,Computer Peripherals
16394,Technology,Computer Peripherals
16395,Technology,Computer Peripherals
16396,Technology,Computer Peripherals
16397,Technology,Computer Peripherals
16398,Office Supplies,Pens & Art Supplies
16399,Technology,Computer Peripherals
16400,Office Supplies,Storage & Organization
16401,Office Supplies,Paper
16402,Office Supplies,Envelopes
16403,Office Supplies,Pens & Art Supplies
16404,Office Supplies,Pens & Art Supplies
16405,Office Supplies,Pens & Art Supplies
16406,Office Supplies,Pens & Art Supplies
16407,Office Supplies,Pens & Art Supplies
16408,Office Supplies,Pens & Art Supplies
16409,Office Supplies,Pens & Art Supplies
16410,Office Supplies,Pens & Art Supplies
16411,Office Supplies,Pens & Art Supplies
16412,Office Supplies,Pens & Art Supplies
16413,Office Supplies,Pens & Art Supplies
16414,Office Supplies,Pens & Art Supplies
16415,Office Supplies,Pens & Art Supplies
16416,Office Supplies,Pens & Art Supplies
16417,Office Supplies,Pens & Art Supplies
16418,Office Supplies,Pens & Art Supplies
16419,Office Supplies,Pens & Art Supplies
16420,Office Supplies,Pens & Art Supplies
16421,Office Supplies,Pens & Art Supplies
16422,Office Supplies,Pens & Art Supplies
16423,Office Supplies,Pens & Art Supplies
16424,Office Supplies,Pens & Art Supplies
16425,Office Supplies,Pens & Art Supplies
16426,Office Supplies,Pens & Art Supplies
16427,Office Supplies,Pens & Art Supplies
16428,Office Supplies,Pens & Art Supplies
16429,Office Supplies,Pens & Art Supplies
16430,Office Supplies,Pens & Art Supplies
16431,Office Supplies,Pens & Art Supplies
16432,Office Supplies,Binders and Binder Accessories
16433,Furniture,Chairs & Chairmats
16434,Furniture,Chairs & Chairmats
16435,Furniture,Chairs & Chairmats
16436,Furniture,Chairs & Chairmats
16437,Furniture,Office Furnishings
16438,Furniture,Office Furnishings
16439,Furniture,Office Furnishings
16440,Technology,Computer Peripherals
16441,Furniture,Bookcases
16442,Furniture,Bookcases
16443,Furniture,Bookcases
16444,Furniture,Bookcases
16445,Furniture,Bookcases
16446,Furniture,Bookcases
16447,Furniture,Bookcases
16448,Furniture,Bookcases
16449,Furniture,Bookcases
16450,Office Supplies,Rubber Bands
16451,Office Supplies,Rubber Bands
16452,Office Supplies,Rubber Bands
16453,Office Supplies,Storage & Organization
16454,Furniture,Chairs & Chairmats
16455,Furniture,Chairs & Chairmats
16456,Furniture,Chairs & Chairmats
16457,Furniture,Chairs & Chairmats
16458,Furniture,Chairs & Chairmats
16459,Furniture,Chairs & Chairmats
16460,Furniture,Chairs & Chairmats
16461,Technology,Office Machines
16462,Technology,Office Machines
16463,Technology,Office Machines
16464,Technology,Office Machines
16465,Technology,Office Machines
16466,Technology,Office Machines
16467,Technology,Office Machines
16468,Technology,Computer Peripherals
16469,Technology,Telephones and Communication
16470,Office Supplies,Pens & Art Supplies
16471,Office Supplies,Pens & Art Supplies
16472,Office Supplies,Pens & Art Supplies
16473,Technology,Office Machines
16474,Technology,Office Machines
16475,Technology,Office Machines
16476,Technology,Office Machines
16477,Technology,Office Machines
16478,Office Supplies,Envelopes
16479,Office Supplies,Envelopes
16480,Office Supplies,Binders and Binder Accessories
16481,Office Supplies,Pens & Art Supplies
16482,Office Supplies,Storage & Organization
16483,Office Supplies,Paper
16484,Technology,Telephones and Communication
16485,Office Supplies,Storage & Organization
16486,Office Supplies,Binders and Binder Accessories
16487,Office Supplies,Rubber Bands
16488,Office Supplies,Binders and Binder Accessories
16489,Technology,Office Machines
16490,Technology,Office Machines
16491,Technology,Office Machines
16492,Technology,Office Machines
16493,Technology,Office Machines
16494,Office Supplies,Storage & Organization
16495,Office Supplies,Storage & Organization
16496,Office Supplies,Paper
16497,Office Supplies,Pens & Art Supplies
16498,Office Supplies,Pens & Art Supplies
16499,Office Supplies,Pens & Art Supplies
16500,Office Supplies,Binders and Binder Accessories
16501,Office Supplies,Binders and Binder Accessories
16502,Office Supplies,Pens & Art Supplies
16503,Office Supplies,Binders and Binder Accessories
16504,Office Supplies,Binders and Binder Accessories
16505,Office Supplies,Binders and Binder Accessories
16506,Office Supplies,Pens & Art Supplies
16507,Office Supplies,Storage & Organization
16508,Office Supplies,Envelopes
16509,Office Supplies,Pens & Art Supplies
16510,Office Supplies,Pens & Art Supplies
16511,Technology,Telephones and Communication
16512,Technology,Telephones and Communication
16513,Technology,Telephones and Communication
16514,Office Supplies,Paper
16515,Office Supplies,Paper
16516,Office Supplies,Storage & Organization
16517,Office Supplies,Envelopes
16518,Office Supplies,Envelopes
16519,Office Supplies,Binders and Binder Accessories
16520,Office Supplies,Storage & Organization
16521,Office Supplies,Paper
16522,Office Supplies,Paper
16523,Furniture,Office Furnishings
16524,Office Supplies,Rubber Bands
16525,Office Supplies,Paper
16526,Furniture,Tables
16527,Furniture,Bookcases
16528,Office Supplies,Pens & Art Supplies
16529,Office Supplies,Storage & Organization
16530,Office Supplies,Binders and Binder Accessories
16531,Office Supplies,Labels
16532,Office Supplies,Rubber Bands
16533,Furniture,Office Furnishings
16534,Furniture,Bookcases
16535,Furniture,Bookcases
16536,Furniture,Chairs & Chairmats
16537,Office Supplies,Storage & Organization
16538,Office Supplies,Storage & Organization
16539,Furniture,Chairs & Chairmats
16540,Office Supplies,Storage & Organization
16541,Furniture,Chairs & Chairmats
16542,Furniture,Tables
16543,Office Supplies,Pens & Art Supplies
16544,Office Supplies,Pens & Art Supplies
16545,Technology,Telephones and Communication
16546,Technology,Telephones and Communication
16547,Furniture,Chairs & Chairmats
16548,Office Supplies,Storage & Organization
16549,Furniture,Bookcases
16550,Office Supplies,Pens & Art Supplies
16551,Office Supplies,Pens & Art Supplies
16552,Office Supplies,Pens & Art Supplies
16553,Office Supplies,Pens & Art Supplies
16554,Office Supplies,Pens & Art Supplies
16555,Office Supplies,Pens & Art Supplies
16556,Office Supplies,Pens & Art Supplies
16557,Office Supplies,Pens & Art Supplies
16558,Office Supplies,Appliances
16559,Office Supplies,Appliances
16560,Office Supplies,Binders and Binder Accessories
16561,Furniture,Bookcases
16562,Furniture,Bookcases
16563,Furniture,Bookcases
16564,Furniture,Bookcases
16565,Office Supplies,Storage & Organization
16566,Furniture,Bookcases
16567,Office Supplies,Envelopes
16568,Office Supplies,Labels
16569,Office Supplies,Labels
16570,Office Supplies,Binders and Binder Accessories
16571,Office Supplies,Storage & Organization
16572,Office Supplies,"Scissors, Rulers and Trimmers"
16573,Furniture,Office Furnishings
16574,Furniture,Office Furnishings
16575,Furniture,Office Furnishings
16576,Furniture,Office Furnishings
16577,Technology,Copiers and Fax
16578,Technology,Copiers and Fax
16579,Technology,Office Machines
16580,Technology,Office Machines
16581,Office Supplies,Storage & Organization
16582,Furniture,Chairs & Chairmats
16583,Office Supplies,Storage & Organization
16584,Office Supplies,Labels
16585,Office Supplies,Paper
16586,Office Supplies,Paper
16587,Technology,Computer Peripherals
16588,Technology,Computer Peripherals
16589,Technology,Office Machines
16590,Technology,Office Machines
16591,Technology,Telephones and Communication
16592,Office Supplies,Paper
16593,Office Supplies,Paper
16594,Office Supplies,Paper
16595,Office Supplies,Paper
16596,Office Supplies,Storage & Organization
16597,Office Supplies,Storage & Organization
16598,Office Supplies,Paper
16599,Office Supplies,Paper
16600,Furniture,Office Furnishings
16601,Office Supplies,Paper
16602,Office Supplies,Pens & Art Supplies
16603,Office Supplies,Envelopes
16604,Office Supplies,Envelopes
16605,Office Supplies,Paper
16606,Furniture,Office Furnishings
16607,Office Supplies,Appliances
16608,Office Supplies,Appliances
16609,Office Supplies,Pens & Art Supplies
16610,Office Supplies,Envelopes
16611,Office Supplies,Rubber Bands
16612,Office Supplies,Rubber Bands
16613,Office Supplies,Paper
16614,Office Supplies,Envelopes
16615,Office Supplies,Paper
16616,Office Supplies,Storage & Organization
16617,Office Supplies,Rubber Bands
16618,Office Supplies,Rubber Bands
16619,Office Supplies,Rubber Bands
16620,Office Supplies,Pens & Art Supplies
16621,Furniture,Office Furnishings
16622,Office Supplies,Paper
16623,Office Supplies,Rubber Bands
16624,Office Supplies,Pens & Art Supplies
16625,Office Supplies,Envelopes
16626,Office Supplies,Appliances
16627,Office Supplies,Rubber Bands
16628,Office Supplies,Rubber Bands
16629,Office Supplies,Paper
16630,Office Supplies,Binders and Binder Accessories
16631,Technology,Telephones and Communication
16632,Technology,Telephones and Communication
16633,Technology,Telephones and Communication
16634,Technology,Telephones and Communication
16635,Technology,Telephones and Communication
16636,Technology,Telephones and Communication
16637,Technology,Telephones and Communication
16638,Technology,Telephones and Communication
16639,Technology,Telephones and Communication
16640,Office Supplies,Storage & Organization
16641,Office Supplies,Storage & Organization
16642,Office Supplies,Rubber Bands
16643,Office Supplies,Rubber Bands
16644,Office Supplies,Binders and Binder Accessories
16645,Office Supplies,Binders and Binder Accessories
16646,Office Supplies,Envelopes
16647,Office Supplies,Paper
16648,Office Supplies,Rubber Bands
16649,Office Supplies,Storage & Organization
16650,Office Supplies,Binders and Binder Accessories
16651,Technology,Telephones and Communication
16652,Technology,Telephones and Communication
16653,Technology,Telephones and Communication
16654,Technology,Telephones and Communication
16655,Technology,Telephones and Communication
16656,Technology,Telephones and Communication
16657,Technology,Telephones and Communication
16658,Technology,Computer Peripherals
16659,Technology,Computer Peripherals
16660,Technology,Computer Peripherals
16661,Technology,Office Machines
16662,Technology,Office Machines
16663,Technology,Telephones and Communication
16664,Office Supplies,Paper
16665,Office Supplies,Paper
16666,Technology,Telephones and Communication
16667,Technology,Telephones and Communication
16668,Technology,Computer Peripherals
16669,Office Supplies,Paper
16670,Office Supplies,Paper
16671,Furniture,Office Furnishings
16672,Furniture,Office Furnishings
16673,Furniture,Office Furnishings
16674,Furniture,Office Furnishings
16675,Furniture,Office Furnishings
16676,Furniture,Office Furnishings
16677,Office Supplies,Storage & Organization
16678,Office Supplies,Storage & Organization
16679,Office Supplies,Storage & Organization
16680,Office Supplies,Storage & Organization
16681,Furniture,Office Furnishings
16682,Office Supplies,Storage & Organization
16683,Office Supplies,Storage & Organization
16684,Office Supplies,Storage & Organization
16685,Office Supplies,Storage & Organization
16686,Office Supplies,Storage & Organization
16687,Office Supplies,Storage & Organization
16688,Office Supplies,Storage & Organization
16689,Office Supplies,Storage & Organization
16690,Furniture,Office Furnishings
16691,Furniture,Office Furnishings
16692,Technology,Telephones and Communication
16693,Technology,Telephones and Communication
16694,Office Supplies,Storage & Organization
16695,Office Supplies,Binders and Binder Accessories
16696,Office Supplies,Appliances
16697,Office Supplies,Appliances
16698,Office Supplies,Binders and Binder Accessories
16699,Office Supplies,Pens & Art Supplies
16700,Office Supplies,Envelopes
16701,Office Supplies,Envelopes
16702,Office Supplies,Envelopes
16703,Office Supplies,Envelopes
16704,Technology,Computer Peripherals
16705,Technology,Computer Peripherals
16706,Technology,Computer Peripherals
16707,Furniture,Office Furnishings
16708,Furniture,Office Furnishings
16709,Furniture,Office Furnishings
16710,Office Supplies,Binders and Binder Accessories
16711,Office Supplies,Paper
16712,Office Supplies,Paper
16713,Technology,Telephones and Communication
16714,Technology,Telephones and Communication
16715,Technology,Telephones and Communication
16716,Technology,Telephones and Communication
16717,Technology,Telephones and Communication
16718,Technology,Telephones and Communication
16719,Technology,Telephones and Communication
16720,Technology,Telephones and Communication
16721,Technology,Computer Peripherals
16722,Technology,Computer Peripherals
16723,Technology,Computer Peripherals
16724,Technology,Computer Peripherals
16725,Technology,Computer Peripherals
16726,Technology,Computer Peripherals
16727,Technology,Computer Peripherals
16728,Office Supplies,Binders and Binder Accessories
16729,Office Supplies,Envelopes
16730,Furniture,Office Furnishings
16731,Furniture,Office Furnishings
16732,Office Supplies,Paper
16733,Office Supplies,Envelopes
16734,Office Supplies,Paper
16735,Office Supplies,Paper
16736,Office Supplies,Binders and Binder Accessories
16737,Office Supplies,Binders and Binder Accessories
16738,Office Supplies,Binders and Binder Accessories
16739,Office Supplies,Binders and Binder Accessories
16740,Office Supplies,Binders and Binder Accessories
16741,Office Supplies,Binders and Binder Accessories
16742,Office Supplies,Binders and Binder Accessories
16743,Office Supplies,Binders and Binder Accessories
16744,Office Supplies,Binders and Binder Accessories
16745,Office Supplies,Binders and Binder Accessories
16746,Office Supplies,Binders and Binder Accessories
16747,Office Supplies,Binders and Binder Accessories
16748,Office Supplies,Binders and Binder Accessories
16749,Office Supplies,Binders and Binder Accessories
16750,Office Supplies,Paper
16751,Office Supplies,Paper
16752,Office Supplies,Paper
16753,Office Supplies,Paper
16754,Office Supplies,Paper
16755,Office Supplies,Paper
16756,Office Supplies,Paper
16757,Office Supplies,Paper
16758,Office Supplies,Storage & Organization
16759,Office Supplies,Paper
16760,Office Supplies,Paper
16761,Office Supplies,Paper
16762,Office Supplies,Paper
16763,Office Supplies,Paper
16764,Office Supplies,Paper
16765,Office Supplies,Paper
16766,Office Supplies,Paper
16767,Office Supplies,Paper
16768,Office Supplies,Paper
16769,Office Supplies,Paper
16770,Office Supplies,Paper
16771,Office Supplies,Paper
16772,Office Supplies,Paper
16773,Office Supplies,Paper
16774,Office Supplies,Paper
16775,Office Supplies,Paper
16776,Office Supplies,Paper
16777,Office Supplies,Paper
16778,Office Supplies,Paper
16779,Office Supplies,Paper
16780,Office Supplies,Paper
16781,Office Supplies,Paper
16782,Office Supplies,Paper
16783,Office Supplies,Paper
16784,Office Supplies,Paper
16785,Office Supplies,Paper
16786,Office Supplies,Paper
16787,Office Supplies,Paper
16788,Office Supplies,Paper
16789,Office Supplies,Paper
16790,Office Supplies,Paper
16791,Office Supplies,Paper
16792,Office Supplies,Paper
16793,Office Supplies,Paper
16794,Office Supplies,Paper
16795,Office Supplies,Paper
16796,Office Supplies,Paper
16797,Office Supplies,Paper
16798,Office Supplies,Paper
16799,Office Supplies,Paper
16800,Office Supplies,Paper
16801,Office Supplies,Paper
16802,Office Supplies,Paper
16803,Office Supplies,Paper
16804,Office Supplies,Paper
16805,Office Supplies,Paper
16806,Office Supplies,Paper
16807,Office Supplies,Paper
16808,Office Supplies,Paper
16809,Office Supplies,Paper
16810,Office Supplies,Paper
16811,Office Supplies,Paper
16812,Office Supplies,Paper
16813,Office Supplies,Paper
16814,Office Supplies,Paper
16815,Office Supplies,Paper
16816,Office Supplies,Paper
16817,Office Supplies,Paper
16818,Office Supplies,Paper
16819,Office Supplies,Paper
16820,Office Supplies,Paper
16821,Office Supplies,Paper
16822,Office Supplies,Paper
16823,Office Supplies,Paper
16824,Office Supplies,Paper
16825,Office Supplies,Paper
16826,Office Supplies,Paper
16827,Office Supplies,Paper
16828,Office Supplies,Paper
16829,Office Supplies,Paper
16830,Office Supplies,Paper
16831,Office Supplies,Paper
16832,Office Supplies,Paper
16833,Office Supplies,Paper
16834,Office Supplies,Paper
16835,Office Supplies,Paper
16836,Office Supplies,Paper
16837,Office Supplies,Paper
16838,Office Supplies,Paper
16839,Office Supplies,Paper
16840,Office Supplies,Paper
16841,Office Supplies,Paper
16842,Office Supplies,Paper
16843,Office Supplies,Paper
16844,Office Supplies,Paper
16845,Office Supplies,Paper
16846,Office Supplies,Paper
16847,Office Supplies,Paper
16848,Office Supplies,Paper
16849,Office Supplies,Paper
16850,Office Supplies,Paper
16851,Office Supplies,Paper
16852,Office Supplies,Paper
16853,Office Supplies,Paper
16854,Office Supplies,Paper
16855,Office Supplies,Paper
16856,Office Supplies,Paper
16857,Office Supplies,Paper
16858,Office Supplies,Paper
16859,Office Supplies,Paper
16860,Office Supplies,Paper
16861,Office Supplies,Paper
16862,Office Supplies,Paper
16863,Office Supplies,Paper
16864,Office Supplies,Paper
16865,Office Supplies,Paper
16866,Office Supplies,Paper
16867,Office Supplies,Paper
16868,Office Supplies,Paper
16869,Office Supplies,Paper
16870,Office Supplies,Paper
16871,Office Supplies,Paper
16872,Office Supplies,Paper
16873,Office Supplies,Paper
16874,Office Supplies,Paper
16875,Office Supplies,Paper
16876,Office Supplies,Paper
16877,Office Supplies,Paper
16878,Office Supplies,Paper
16879,Office Supplies,Paper
16880,Office Supplies,Binders and Binder Accessories
16881,Office Supplies,Pens & Art Supplies
16882,Technology,Computer Peripherals
16883,Technology,Computer Peripherals
16884,Technology,Telephones and Communication
16885,Technology,Telephones and Communication
16886,Technology,Telephones and Communication
16887,Technology,Telephones and Communication
16888,Technology,Telephones and Communication
16889,Technology,Telephones and Communication
16890,Technology,Telephones and Communication
16891,Technology,Telephones and Communication
16892,Technology,Telephones and Communication
16893,Technology,Telephones and Communication
16894,Technology,Telephones and Communication
